strain	row_ID	col_ID	OD	limit_check	format_check	target_OD	transfer_volume_required	transfer_max_volume_check	correction_factor_volume	transfer_volume	sum_of_volumes	total_volume_check	total_volume_correction_factor	mimimum_transfer_volume_check	total_volume_fail	mimimum_transfer_volume_fail	format_fail	limit_fail	transfer_volume_fail	correction_factor_combined	error_type
donor	A	1	0.0958	TRUE	TRUE	0.5	1565.7620041753655	FALSE	0.2235333333333333	350	398.4607602254661	TRUE	1	TRUE	FALSE	FALSE	FALSE	FALSE	TRUE	0.22	transfer_volume_fail
donor	A	2	0.1205	TRUE	TRUE	0.25	622.4066390041494	FALSE	0.5623333333333334	350	452.14337612012594	TRUE	1	TRUE	FALSE	FALSE	FALSE	FALSE	TRUE	0.56	transfer_volume_fail
donor	A	3	0.1095	TRUE	TRUE	0.125	342.4657534246575	TRUE	1	342.4657534246575	532.8452432076249	TRUE	1	TRUE	FALSE	FALSE	FALSE	FALSE	FALSE	1	correct
donor	A	4	0.1048	TRUE	TRUE	0.0625	178.91221374045801	TRUE	1	178.91221374045801	322.8385234698766	TRUE	1	TRUE	FALSE	FALSE	FALSE	FALSE	FALSE	1	correct
donor	A	5	0.1056	TRUE	TRUE	0.03125	88.7784090909091	TRUE	1	88.7784090909091	230.9854625607612	TRUE	1	TRUE	FALSE	FALSE	FALSE	FALSE	FALSE	1	correct
donor	A	6	0.1145	TRUE	TRUE	0.5	1310.0436681222707	FALSE	0.26716666666666666	350	640.8200290275763	TRUE	1	TRUE	FALSE	FALSE	FALSE	FALSE	TRUE	0.27	transfer_volume_fail
donor	A	7	0.11029999999999998	TRUE	TRUE	0.25	679.9637352674525	FALSE	0.30449999999999994	207.04895738893924	557.0489573889392	TRUE	1	TRUE	FALSE	FALSE	FALSE	FALSE	TRUE	0.3	transfer_volume_fail
donor	A	8	0.1217	TRUE	TRUE	0.125	308.13475760065734	FALSE	0.33039999999999997	101.80772391125717	451.8077239112572	TRUE	1	TRUE	FALSE	FALSE	FALSE	FALSE	TRUE	0.33	transfer_volume_fail
donor	A	9	0.1367	TRUE	TRUE	0.0625	137.1616678858815	FALSE	0.31570000000000004	43.301938551572796	393.3019385515728	TRUE	1	TRUE	FALSE	FALSE	FALSE	FALSE	TRUE	0.32	transfer_volume_fail
donor	A	10	0.1135	TRUE	TRUE	0.03125	82.59911894273128	FALSE	0.29283333333333333	24.187775330396477	374.18777533039645	TRUE	1	TRUE	FALSE	FALSE	FALSE	FALSE	TRUE	0.29	transfer_volume_fail
donor	A	11	0.10069999999999998	TRUE	TRUE	0.2	595.829195630586	FALSE	0.5874166666666666	350	350	TRUE	1	TRUE	FALSE	FALSE	FALSE	FALSE	TRUE	0.59	transfer_volume_fail
donor	A	12	0.11379999999999998	TRUE	TRUE	0.2	527.2407732864675	FALSE	0.6638333333333333	350	350	TRUE	1	TRUE	FALSE	FALSE	FALSE	FALSE	TRUE	0.66	transfer_volume_fail
donor	B	1	0.11909999999999998	TRUE	TRUE	0.5	1259.4458438287156	FALSE	0.2778999999999999	350	390.9640330188679	TRUE	1	TRUE	FALSE	FALSE	FALSE	FALSE	TRUE	0.28	transfer_volume_fail
donor	B	2	0.1009	TRUE	TRUE	0.25	743.3102081268582	FALSE	0.4708666666666667	350	405.37653377239405	TRUE	1	TRUE	FALSE	FALSE	FALSE	FALSE	TRUE	0.47	transfer_volume_fail
donor	B	3	0.1168	TRUE	TRUE	0.125	321.06164383561645	TRUE	1	321.06164383561645	444.39662163532046	TRUE	1	TRUE	FALSE	FALSE	FALSE	FALSE	FALSE	1	correct
donor	B	4	0.1157	TRUE	TRUE	0.0625	162.057044079516	TRUE	1	162.057044079516	271.5740739776652	TRUE	1	TRUE	FALSE	FALSE	FALSE	FALSE	FALSE	1	correct
donor	B	5	0.12039999999999998	TRUE	TRUE	0.03125	77.8654485049834	TRUE	1	77.8654485049834	178.5906701004709	TRUE	1	TRUE	FALSE	FALSE	FALSE	FALSE	FALSE	1	correct
donor	B	6	0.1275	TRUE	TRUE	0.5	1176.4705882352941	FALSE	0.27545	324.05882352941177	674.0588235294117	TRUE	1	TRUE	FALSE	FALSE	FALSE	FALSE	TRUE	0.28	transfer_volume_fail
donor	B	7	0.1354	TRUE	TRUE	0.25	553.9143279172822	FALSE	0.44519999999999993	246.602658788774	596.602658788774	TRUE	1	TRUE	FALSE	FALSE	FALSE	FALSE	TRUE	0.45	transfer_volume_fail
donor	B	8	0.1353	TRUE	TRUE	0.125	277.16186252771615	FALSE	0.2744	76.0532150776053	426.0532150776053	TRUE	1	TRUE	FALSE	FALSE	FALSE	FALSE	TRUE	0.27	transfer_volume_fail
donor	B	9	0.12769999999999998	TRUE	TRUE	0.0625	146.82850430696948	FALSE	0.28735000000000005	42.191170712607686	392.1911707126077	TRUE	1	TRUE	FALSE	FALSE	FALSE	FALSE	TRUE	0.29	transfer_volume_fail
donor	B	10	0.1286	TRUE	TRUE	0.03125	72.90046656298601	FALSE	0.39059999999999995	28.474922239502334	378.47492223950235	TRUE	1	TRUE	FALSE	FALSE	FALSE	FALSE	TRUE	0.39	transfer_volume_fail
donor	B	11	0.12519999999999998	TRUE	TRUE	0.2	479.2332268370608	FALSE	0.7303333333333332	350	350	TRUE	1	TRUE	FALSE	FALSE	FALSE	FALSE	TRUE	0.73	transfer_volume_fail
donor	B	12	0.1517	TRUE	TRUE	0.2	395.5174686882004	FALSE	0.8849166666666667	350	350	TRUE	1	TRUE	FALSE	FALSE	FALSE	FALSE	TRUE	0.88	transfer_volume_fail
donor	C	1	0.1294	TRUE	TRUE	0.5	1159.1962905718703	FALSE	0.3019333333333333	350	379.03344712085516	TRUE	1	TRUE	FALSE	FALSE	FALSE	FALSE	TRUE	0.3	transfer_volume_fail
donor	C	2	0.11559999999999998	TRUE	TRUE	0.25	648.7889273356402	FALSE	0.5394666666666666	350	409.61286995598283	TRUE	1	TRUE	FALSE	FALSE	FALSE	FALSE	TRUE	0.54	transfer_volume_fail
donor	C	3	0.1148	TRUE	TRUE	0.125	326.6550522648084	TRUE	1	326.6550522648084	413.98366985279193	TRUE	1	TRUE	FALSE	FALSE	FALSE	FALSE	FALSE	1	correct
donor	C	4	0.12869999999999998	TRUE	TRUE	0.0625	145.6876456876457	TRUE	1	145.6876456876457	234.39911164462063	TRUE	1	TRUE	FALSE	FALSE	FALSE	FALSE	FALSE	1	correct
donor	C	5	0.15039999999999998	TRUE	TRUE	0.03125	62.33377659574469	TRUE	1	62.33377659574469	145.89690854193003	TRUE	1	TRUE	FALSE	FALSE	FALSE	FALSE	FALSE	1	correct
donor	C	6	0.128	TRUE	TRUE	0.5	1171.875	FALSE	0.2986666666666667	350.00000000000006	608.2504683671999	TRUE	1	TRUE	FALSE	FALSE	FALSE	FALSE	TRUE	0.3	transfer_volume_fail
donor	C	7	0.1293	TRUE	TRUE	0.25	580.046403712297	FALSE	0.4961250000000001	287.7755220417634	637.7755220417635	TRUE	1	TRUE	FALSE	FALSE	FALSE	FALSE	TRUE	0.5	transfer_volume_fail
donor	C	8	0.12819999999999998	TRUE	TRUE	0.125	292.5117004680188	FALSE	0.41685000000000005	121.93350234009364	471.93350234009364	TRUE	1	TRUE	FALSE	FALSE	FALSE	FALSE	TRUE	0.42	transfer_volume_fail
donor	C	9	0.12869999999999998	TRUE	TRUE	0.0625	145.6876456876457	FALSE	0.44310000000000005	64.55419580419581	414.55419580419584	TRUE	1	TRUE	FALSE	FALSE	FALSE	FALSE	TRUE	0.44	transfer_volume_fail
donor	C	10	0.11939999999999998	TRUE	TRUE	0.03125	78.5175879396985	FALSE	0.4819500000000001	37.8415515075377	387.8415515075377	TRUE	1	TRUE	FALSE	FALSE	FALSE	FALSE	TRUE	0.48	transfer_volume_fail
donor	C	11	0.1306	TRUE	TRUE	0	0	TRUE	1	0	177.01203681850367	TRUE	1	TRUE	FALSE	FALSE	FALSE	FALSE	FALSE	1	correct
donor	C	12	0.1395	TRUE	TRUE	0	0	TRUE	1	0	165.34391534391534	TRUE	1	TRUE	FALSE	FALSE	FALSE	FALSE	FALSE	1	correct
donor	D	1	0.1057	TRUE	TRUE	0.5	1419.1106906338694	FALSE	0.24663333333333334	350	366.4118602807029	TRUE	1	TRUE	FALSE	FALSE	FALSE	FALSE	TRUE	0.25	transfer_volume_fail
donor	D	2	0.1101	TRUE	TRUE	0.25	681.1989100817439	FALSE	0.5138	350	381.2046400048587	TRUE	1	TRUE	FALSE	FALSE	FALSE	FALSE	TRUE	0.51	transfer_volume_fail
donor	D	3	0.12489999999999998	TRUE	TRUE	0.125	300.240192153723	TRUE	1	300.240192153723	361.0313895883345	TRUE	1	TRUE	FALSE	FALSE	FALSE	FALSE	FALSE	1	correct
donor	D	4	0.1304	TRUE	TRUE	0.0625	143.78834355828224	TRUE	1	143.78834355828224	204.68782895763061	TRUE	1	TRUE	FALSE	FALSE	FALSE	FALSE	FALSE	1	correct
donor	D	5	0.1387	TRUE	TRUE	0.03125	67.59192501802451	TRUE	1	67.59192501802451	123.74409740519374	TRUE	1	TRUE	FALSE	FALSE	FALSE	FALSE	FALSE	1	correct
donor	D	6	0.1154	TRUE	TRUE	0.5	1299.8266897746967	FALSE	0.26926666666666665	349.99999999999994	572.029822029822	TRUE	1	TRUE	FALSE	FALSE	FALSE	FALSE	TRUE	0.27	transfer_volume_fail
donor	D	7	0.1415	TRUE	TRUE	0.25	530.035335689046	FALSE	0.48116249999999994	255.03312720848055	605.0331272084806	TRUE	1	TRUE	FALSE	FALSE	FALSE	FALSE	TRUE	0.48	transfer_volume_fail
donor	D	8	0.1387	TRUE	TRUE	0.125	270.36770007209805	FALSE	0.6174	166.92501802451332	516.9250180245133	TRUE	1	TRUE	FALSE	FALSE	FALSE	FALSE	TRUE	0.62	transfer_volume_fail
donor	D	9	0.1273	TRUE	TRUE	0.0625	147.28986645718774	FALSE	0.7205625	106.13155439905734	456.13155439905734	TRUE	1	TRUE	FALSE	FALSE	FALSE	FALSE	TRUE	0.72	transfer_volume_fail
donor	D	10	0.12489999999999998	TRUE	TRUE	0.03125	75.06004803843075	FALSE	0.7662375	57.513823558847086	407.5138235588471	TRUE	1	TRUE	FALSE	FALSE	FALSE	FALSE	TRUE	0.77	transfer_volume_fail
donor	D	11	0.13149999999999998	TRUE	TRUE	0	0	TRUE	1	0	174.2362643744918	TRUE	1	TRUE	FALSE	FALSE	FALSE	FALSE	FALSE	1	correct
donor	D	12	0.161	TRUE	TRUE	0	0	TRUE	1	0	174.49976733364358	TRUE	1	TRUE	FALSE	FALSE	FALSE	FALSE	FALSE	1	correct
donor	E	1	0.13629999999999998	TRUE	TRUE	0.5	1100.513573000734	FALSE	0.3180333333333333	350	362.5676312037119	TRUE	1	TRUE	FALSE	FALSE	FALSE	FALSE	TRUE	0.32	transfer_volume_fail
donor	E	2	0.119	TRUE	TRUE	0.25	630.2521008403362	FALSE	0.5553333333333332	350	374.58070060898467	TRUE	1	TRUE	FALSE	FALSE	FALSE	FALSE	TRUE	0.56	transfer_volume_fail
donor	E	3	0.1226	TRUE	TRUE	0.125	305.8727569331158	TRUE	1	305.8727569331158	345.85336633755463	TRUE	1	TRUE	FALSE	FALSE	FALSE	FALSE	FALSE	1	correct
donor	E	4	0.1465	TRUE	TRUE	0.0625	127.9863481228669	TRUE	1	127.9863481228669	168.8041324314902	TRUE	1	TRUE	FALSE	FALSE	FALSE	FALSE	FALSE	1	correct
donor	E	5	0.1576	TRUE	TRUE	0.03125	59.486040609137056	TRUE	1	59.486040609137056	96.75601498602968	TRUE	1	TRUE	FALSE	FALSE	FALSE	FALSE	FALSE	1	correct
donor	E	6	0.1358	TRUE	TRUE	0.5	1104.5655375552283	FALSE	0.3168666666666667	350	529.5151429313316	TRUE	1	TRUE	FALSE	FALSE	FALSE	FALSE	TRUE	0.32	transfer_volume_fail
donor	E	7	0.152	TRUE	TRUE	0.25	493.42105263157896	FALSE	0.7093333333333334	350	696.8198671719025	TRUE	1	TRUE	FALSE	FALSE	FALSE	FALSE	TRUE	0.71	transfer_volume_fail
donor	E	8	0.1449	TRUE	TRUE	0.125	258.7991718426501	FALSE	0.9686249999999997	250.67934782608685	600.6793478260869	TRUE	1	TRUE	FALSE	FALSE	FALSE	FALSE	TRUE	0.97	transfer_volume_fail
donor	E	9	0.1474	TRUE	TRUE	0.0625	127.20488466757124	FALSE	0.9556312499999999	121.56096294097692	471.56096294097694	TRUE	1	TRUE	FALSE	FALSE	FALSE	FALSE	TRUE	0.96	transfer_volume_fail
donor	E	10	0.1377	TRUE	TRUE	0.03125	68.08278867102398	TRUE	1	68.08278867102398	387.3675907144468	TRUE	1	TRUE	FALSE	FALSE	FALSE	FALSE	FALSE	1	correct
donor	E	11	0.1316	TRUE	TRUE	0	0	TRUE	1	0	0	TRUE	1	TRUE	FALSE	FALSE	FALSE	FALSE	FALSE	1	correct
donor	E	12	0.13899999999999998	TRUE	TRUE	0	0	TRUE	1	0	0	TRUE	1	TRUE	FALSE	FALSE	FALSE	FALSE	FALSE	1	correct
donor	F	1	0.1442	TRUE	TRUE	0.5	1040.2219140083218	FALSE	0.33646666666666664	350	360.96379931381216	TRUE	1	TRUE	FALSE	FALSE	FALSE	FALSE	TRUE	0.34	transfer_volume_fail
donor	F	2	0.1541	TRUE	TRUE	0.25	486.6969500324465	FALSE	0.7191333333333333	350	369.7567494863122	TRUE	1	TRUE	FALSE	FALSE	FALSE	FALSE	TRUE	0.72	transfer_volume_fail
donor	F	3	0.13199999999999998	TRUE	TRUE	0.125	284.0909090909091	TRUE	1	284.0909090909091	310.1503898557549	TRUE	1	TRUE	FALSE	FALSE	FALSE	FALSE	FALSE	1	correct
donor	F	4	0.13199999999999998	TRUE	TRUE	0.0625	142.04545454545456	TRUE	1	142.04545454545456	165.84435384636188	TRUE	1	TRUE	FALSE	FALSE	FALSE	FALSE	FALSE	1	correct
donor	F	5	0.1684	TRUE	TRUE	0.03125	55.67102137767221	TRUE	1	55.67102137767221	81.48192745339819	TRUE	1	TRUE	FALSE	FALSE	FALSE	FALSE	FALSE	1	correct
donor	F	6	0.1261	TRUE	TRUE	0.5	1189.5321173671691	FALSE	0.2942333333333333	350	425.3828334747775	TRUE	1	TRUE	FALSE	FALSE	FALSE	FALSE	TRUE	0.29	transfer_volume_fail
donor	F	7	0.1664	TRUE	TRUE	0.25	450.72115384615387	FALSE	0.7765333333333333	350	508.95264291349497	TRUE	1	TRUE	FALSE	FALSE	FALSE	FALSE	TRUE	0.78	transfer_volume_fail
donor	F	8	0.1463	TRUE	TRUE	0.125	256.32262474367735	TRUE	1	256.32262474367735	479.5213413510569	TRUE	1	TRUE	FALSE	FALSE	FALSE	FALSE	FALSE	1	correct
donor	F	9	0.1656	TRUE	TRUE	0.0625	113.22463768115942	TRUE	1	113.22463768115942	363.58061258297295	TRUE	1	TRUE	FALSE	FALSE	FALSE	FALSE	FALSE	1	correct
donor	F	10	0.1684	TRUE	TRUE	0.03125	55.67102137767221	TRUE	1	55.67102137767221	259.5212424277556	TRUE	1	TRUE	FALSE	FALSE	FALSE	FALSE	FALSE	1	correct
donor	F	11	0.14329999999999998	TRUE	TRUE	0	0	TRUE	1	0	0	TRUE	1	TRUE	FALSE	FALSE	FALSE	FALSE	FALSE	1	correct
donor	F	12	0.1359	TRUE	TRUE	0	0	TRUE	1	0	0	TRUE	1	TRUE	FALSE	FALSE	FALSE	FALSE	FALSE	1	correct
donor	G	1	0.1502	TRUE	TRUE	0.5	998.6684420772303	FALSE	0.35046666666666665	350	355.5377956594748	TRUE	1	TRUE	FALSE	TRUE	FALSE	FALSE	TRUE	0.35	mimimum_transfer_volume_fail
donor	G	2	0.16649999999999998	TRUE	TRUE	0.25	450.4504504504505	FALSE	0.7769999999999999	350	361.3816449003694	TRUE	1	TRUE	FALSE	FALSE	FALSE	FALSE	TRUE	0.78	transfer_volume_fail
donor	G	3	0.1384	TRUE	TRUE	0.125	270.95375722543355	TRUE	1	270.95375722543355	291.47218084624285	TRUE	1	TRUE	FALSE	FALSE	FALSE	FALSE	FALSE	1	correct
donor	G	4	0.1498	TRUE	TRUE	0.0625	125.16688918558079	TRUE	1	125.16688918558079	139.61578569626258	TRUE	1	TRUE	FALSE	FALSE	FALSE	FALSE	FALSE	1	correct
donor	G	5	0.16319999999999998	TRUE	TRUE	0.03125	57.44485294117648	TRUE	1	57.44485294117648	72.60222434982678	TRUE	1	TRUE	FALSE	FALSE	FALSE	FALSE	FALSE	1	correct
donor	G	6	0.142	TRUE	TRUE	0.5	1056.3380281690143	FALSE	0.33133333333333326	350	404.4723759224152	TRUE	1	TRUE	FALSE	FALSE	FALSE	FALSE	TRUE	0.33	transfer_volume_fail
donor	G	7	0.1656	TRUE	TRUE	0.25	452.8985507246377	FALSE	0.7728	350	463.58024691358025	TRUE	1	TRUE	FALSE	FALSE	FALSE	FALSE	TRUE	0.77	transfer_volume_fail
donor	G	8	0.17129999999999998	TRUE	TRUE	0.125	218.91418563922946	TRUE	1	218.91418563922946	306.355913924989	TRUE	1	TRUE	FALSE	FALSE	FALSE	FALSE	FALSE	1	correct
donor	G	9	0.171	TRUE	TRUE	0.0625	109.64912280701753	TRUE	1	109.64912280701753	268.88399922582516	TRUE	1	TRUE	FALSE	FALSE	FALSE	FALSE	FALSE	1	correct
donor	G	10	0.17229999999999998	TRUE	TRUE	0.03125	54.41091120139293	TRUE	1	54.41091120139293	202.87454457045033	TRUE	1	TRUE	FALSE	FALSE	FALSE	FALSE	FALSE	1	correct
donor	G	11	0.18009999999999998	TRUE	TRUE	0	0	TRUE	1	0	0	TRUE	1	TRUE	FALSE	FALSE	FALSE	FALSE	FALSE	1	correct
donor	G	12	0.1638	TRUE	TRUE	0	0	TRUE	1	0	0	TRUE	1	TRUE	FALSE	FALSE	FALSE	FALSE	FALSE	1	correct
donor	H	1	0.1342	TRUE	TRUE	0.5	1117.7347242921012	FALSE	0.3131333333333334	350	352.7334636104156	TRUE	1	TRUE	FALSE	TRUE	FALSE	FALSE	TRUE	0.31	mimimum_transfer_volume_fail
donor	H	2	0.1268	TRUE	TRUE	0.25	591.4826498422713	FALSE	0.5917333333333333	350	355.3816589756929	TRUE	1	TRUE	FALSE	TRUE	FALSE	FALSE	TRUE	0.59	mimimum_transfer_volume_fail
donor	H	3	0.12569999999999998	TRUE	TRUE	0.125	298.3293556085919	TRUE	1	298.3293556085919	337.5920994363659	TRUE	1	TRUE	FALSE	FALSE	FALSE	FALSE	FALSE	1	correct
donor	H	4	0.13749999999999998	TRUE	TRUE	0.0625	136.36363636363637	TRUE	1	136.36363636363637	144.17287806430375	TRUE	1	TRUE	FALSE	TRUE	FALSE	FALSE	FALSE	1	mimimum_transfer_volume_fail
donor	H	5	0.1472	TRUE	TRUE	0.03125	63.68885869565217	TRUE	1	63.68885869565217	71.52248903373574	TRUE	1	TRUE	FALSE	TRUE	FALSE	FALSE	FALSE	1	mimimum_transfer_volume_fail
donor	H	6	0.144	TRUE	TRUE	0.5	1041.6666666666667	FALSE	0.33599999999999997	350	374.0407028417533	TRUE	1	TRUE	FALSE	FALSE	FALSE	FALSE	TRUE	0.34	transfer_volume_fail
donor	H	7	0.1389	TRUE	TRUE	0.25	539.9568034557235	FALSE	0.6482	350	418.81069792978076	TRUE	1	TRUE	FALSE	FALSE	FALSE	FALSE	TRUE	0.65	transfer_volume_fail
donor	H	8	0.12489999999999998	TRUE	TRUE	0.125	300.240192153723	TRUE	1	300.240192153723	362.1087581853668	TRUE	1	TRUE	FALSE	FALSE	FALSE	FALSE	FALSE	1	correct
donor	H	9	0.1221	TRUE	TRUE	0.0625	153.56265356265357	TRUE	1	153.56265356265357	264.13128731442004	TRUE	1	TRUE	FALSE	FALSE	FALSE	FALSE	FALSE	1	correct
donor	H	10	0.1147	TRUE	TRUE	0.03125	81.73496076721884	TRUE	1	81.73496076721884	160.96916221027175	TRUE	1	TRUE	FALSE	FALSE	FALSE	FALSE	FALSE	1	correct
donor	H	11	0.12339999999999998	TRUE	TRUE	0	0	TRUE	1	0	0	TRUE	1	TRUE	FALSE	FALSE	FALSE	FALSE	FALSE	1	correct
donor	H	12	0.13979999999999998	TRUE	TRUE	0	0	TRUE	1	0	0	TRUE	1	TRUE	FALSE	FALSE	FALSE	FALSE	FALSE	1	correct
receiver	A	1	0.6919	TRUE	TRUE	0.5	216.7943344413933	FALSE	0.2235333333333333	48.46076022546611	398.4607602254661	TRUE	1	TRUE	FALSE	FALSE	FALSE	FALSE	TRUE	0.22	transfer_volume_fail
receiver	A	2	0.8258	TRUE	TRUE	0.5	181.64204407846935	FALSE	0.5623333333333334	102.14337612012594	452.14337612012594	TRUE	1	TRUE	FALSE	FALSE	FALSE	FALSE	TRUE	0.56	transfer_volume_fail
receiver	A	3	0.7878999999999999	TRUE	TRUE	0.5	190.3794897829674	TRUE	1	190.3794897829674	532.8452432076249	TRUE	1	TRUE	FALSE	FALSE	FALSE	FALSE	FALSE	1	correct
receiver	A	4	1.0422	TRUE	TRUE	0.5	143.92630972941853	TRUE	1	143.92630972941853	322.8385234698766	TRUE	1	TRUE	FALSE	FALSE	FALSE	FALSE	FALSE	1	correct
receiver	A	5	1.0548	TRUE	TRUE	0.5	142.2070534698521	TRUE	1	142.2070534698521	230.9854625607612	TRUE	1	TRUE	FALSE	FALSE	FALSE	FALSE	FALSE	1	correct
receiver	A	6	0.13779999999999998	TRUE	TRUE	0.5	1088.534107402032	FALSE	0.26716666666666666	290.82002902757625	640.8200290275763	TRUE	1	TRUE	FALSE	FALSE	FALSE	FALSE	TRUE	0.27	transfer_volume_fail
receiver	A	7	0.13049999999999998	TRUE	TRUE	0.5	1149.425287356322	FALSE	0.30449999999999994	350	557.0489573889392	TRUE	1	TRUE	FALSE	FALSE	FALSE	FALSE	TRUE	0.3	transfer_volume_fail
receiver	A	8	0.1416	TRUE	TRUE	0.5	1059.322033898305	FALSE	0.33039999999999997	350	451.8077239112572	TRUE	1	TRUE	FALSE	FALSE	FALSE	FALSE	TRUE	0.33	transfer_volume_fail
receiver	A	9	0.1353	TRUE	TRUE	0.5	1108.6474501108646	FALSE	0.31570000000000004	350	393.3019385515728	TRUE	1	TRUE	FALSE	FALSE	FALSE	FALSE	TRUE	0.32	transfer_volume_fail
receiver	A	10	0.1255	TRUE	TRUE	0.5	1195.219123505976	FALSE	0.29283333333333333	350	374.18777533039645	TRUE	1	TRUE	FALSE	FALSE	FALSE	FALSE	TRUE	0.29	transfer_volume_fail
receiver	A	11	1.2149	TRUE	TRUE	0	0	FALSE	0.5874166666666666	0	350	TRUE	1	TRUE	FALSE	FALSE	FALSE	FALSE	TRUE	0.59	transfer_volume_fail
receiver	A	12	1.1939	TRUE	TRUE	0	0	FALSE	0.6638333333333333	0	350	TRUE	1	TRUE	FALSE	FALSE	FALSE	FALSE	TRUE	0.66	transfer_volume_fail
receiver	B	1	0.6784	TRUE	TRUE	0.3333333333333333	147.4056603773585	FALSE	0.2778999999999999	40.964033018867916	390.9640330188679	TRUE	1	TRUE	FALSE	FALSE	FALSE	FALSE	TRUE	0.28	transfer_volume_fail
receiver	B	2	0.8503	TRUE	TRUE	0.3333333333333333	117.60555098200636	FALSE	0.4708666666666667	55.37653377239407	405.37653377239405	TRUE	1	TRUE	FALSE	FALSE	FALSE	FALSE	TRUE	0.47	transfer_volume_fail
receiver	B	3	0.8108	TRUE	TRUE	0.3333333333333333	123.334977799704	TRUE	1	123.334977799704	444.39662163532046	TRUE	1	TRUE	FALSE	FALSE	FALSE	FALSE	FALSE	1	correct
receiver	B	4	0.9131	TRUE	TRUE	0.3333333333333333	109.51702989814916	TRUE	1	109.51702989814916	271.5740739776652	TRUE	1	TRUE	FALSE	FALSE	FALSE	FALSE	FALSE	1	correct
receiver	B	5	0.9928	TRUE	TRUE	0.3333333333333333	100.72522159548751	TRUE	1	100.72522159548751	178.5906701004709	TRUE	1	TRUE	FALSE	FALSE	FALSE	FALSE	FALSE	1	correct
receiver	B	6	0.07869999999999999	TRUE	TRUE	0.3333333333333333	1270.6480304955528	FALSE	0.27545	350	674.0588235294117	TRUE	1	TRUE	FALSE	FALSE	FALSE	FALSE	TRUE	0.28	transfer_volume_fail
receiver	B	7	0.12719999999999998	TRUE	TRUE	0.3333333333333333	786.1635220125787	FALSE	0.44519999999999993	350	596.602658788774	TRUE	1	TRUE	FALSE	FALSE	FALSE	FALSE	TRUE	0.45	transfer_volume_fail
receiver	B	8	0.0784	TRUE	TRUE	0.3333333333333333	1275.5102040816328	FALSE	0.2744	350	426.0532150776053	TRUE	1	TRUE	FALSE	FALSE	FALSE	FALSE	TRUE	0.27	transfer_volume_fail
receiver	B	9	0.0821	TRUE	TRUE	0.3333333333333333	1218.0267965895248	FALSE	0.28735000000000005	350	392.1911707126077	TRUE	1	TRUE	FALSE	FALSE	FALSE	FALSE	TRUE	0.29	transfer_volume_fail
receiver	B	10	0.11159999999999998	TRUE	TRUE	0.3333333333333333	896.057347670251	FALSE	0.39059999999999995	350	378.47492223950235	TRUE	1	TRUE	FALSE	FALSE	FALSE	FALSE	TRUE	0.39	transfer_volume_fail
receiver	B	11	0.9667	TRUE	TRUE	0	0	FALSE	0.7303333333333332	0	350	TRUE	1	TRUE	FALSE	FALSE	FALSE	FALSE	TRUE	0.73	transfer_volume_fail
receiver	B	12	0.8931	TRUE	TRUE	0	0	FALSE	0.8849166666666667	0	350	TRUE	1	TRUE	FALSE	FALSE	FALSE	FALSE	TRUE	0.88	transfer_volume_fail
receiver	C	1	0.6932999999999999	TRUE	TRUE	0.2222222222222222	96.15846915717101	FALSE	0.3019333333333333	29.03344712085516	379.03344712085516	TRUE	1	TRUE	FALSE	FALSE	FALSE	FALSE	TRUE	0.3	transfer_volume_fail
receiver	C	2	0.6033	TRUE	TRUE	0.2222222222222222	110.50334272611745	FALSE	0.5394666666666666	59.61286995598282	409.61286995598283	TRUE	1	TRUE	FALSE	FALSE	FALSE	FALSE	TRUE	0.54	transfer_volume_fail
receiver	C	3	0.7634	TRUE	TRUE	0.2222222222222222	87.32861758798357	TRUE	1	87.32861758798357	413.98366985279193	TRUE	1	TRUE	FALSE	FALSE	FALSE	FALSE	FALSE	1	correct
receiver	C	4	0.7515	TRUE	TRUE	0.2222222222222222	88.71146595697493	TRUE	1	88.71146595697493	234.39911164462063	TRUE	1	TRUE	FALSE	FALSE	FALSE	FALSE	FALSE	1	correct
receiver	C	5	0.7978	TRUE	TRUE	0.2222222222222222	83.56313194618534	TRUE	1	83.56313194618534	145.89690854193003	TRUE	1	TRUE	FALSE	FALSE	FALSE	FALSE	FALSE	1	correct
receiver	C	6	0.0771	TRUE	TRUE	0.2222222222222222	864.6779074794638	FALSE	0.2986666666666667	258.25046836719986	608.2504683671999	TRUE	1	TRUE	FALSE	FALSE	FALSE	FALSE	TRUE	0.3	transfer_volume_fail
receiver	C	7	0.0945	TRUE	TRUE	0.2222222222222222	705.4673721340387	FALSE	0.4961250000000001	350	637.7755220417635	TRUE	1	TRUE	FALSE	FALSE	FALSE	FALSE	TRUE	0.5	transfer_volume_fail
receiver	C	8	0.0794	TRUE	TRUE	0.2222222222222222	839.6305625524768	FALSE	0.41685000000000005	350	471.93350234009364	TRUE	1	TRUE	FALSE	FALSE	FALSE	FALSE	TRUE	0.42	transfer_volume_fail
receiver	C	9	0.0844	TRUE	TRUE	0.2222222222222222	789.8894154818324	FALSE	0.44310000000000005	350	414.55419580419584	TRUE	1	TRUE	FALSE	FALSE	FALSE	FALSE	TRUE	0.44	transfer_volume_fail
receiver	C	10	0.0918	TRUE	TRUE	0.2222222222222222	726.2164124909222	FALSE	0.4819500000000001	350	387.8415515075377	TRUE	1	TRUE	FALSE	FALSE	FALSE	FALSE	TRUE	0.48	transfer_volume_fail
receiver	C	11	0.8473999999999999	TRUE	TRUE	0.5	177.01203681850367	TRUE	1	177.01203681850367	177.01203681850367	TRUE	1	TRUE	FALSE	FALSE	FALSE	FALSE	FALSE	1	correct
receiver	C	12	0.9072	TRUE	TRUE	0.5	165.34391534391534	TRUE	1	165.34391534391534	165.34391534391534	TRUE	1	TRUE	FALSE	FALSE	FALSE	FALSE	FALSE	1	correct
receiver	D	1	0.6678999999999999	TRUE	TRUE	0.14814814814814814	66.54356107867113	FALSE	0.24663333333333334	16.411860280702925	366.4118602807029	TRUE	1	TRUE	FALSE	FALSE	FALSE	FALSE	TRUE	0.25	transfer_volume_fail
receiver	D	2	0.7318	TRUE	TRUE	0.14814814814814814	60.73304788800826	FALSE	0.5138	31.204640004858646	381.2046400048587	TRUE	1	TRUE	FALSE	FALSE	FALSE	FALSE	TRUE	0.51	transfer_volume_fail
receiver	D	3	0.7311	TRUE	TRUE	0.14814814814814814	60.79119743461147	TRUE	1	60.79119743461147	361.0313895883345	TRUE	1	TRUE	FALSE	FALSE	FALSE	FALSE	FALSE	1	correct
receiver	D	4	0.7298	TRUE	TRUE	0.14814814814814814	60.89948539934837	TRUE	1	60.89948539934837	204.68782895763061	TRUE	1	TRUE	FALSE	FALSE	FALSE	FALSE	FALSE	1	correct
receiver	D	5	0.7915	TRUE	TRUE	0.14814814814814814	56.15217238716923	TRUE	1	56.15217238716923	123.74409740519374	TRUE	1	TRUE	FALSE	FALSE	FALSE	FALSE	FALSE	1	correct
receiver	D	6	0.05389999999999999	TRUE	TRUE	0.14814814814814814	824.5722531436818	FALSE	0.26926666666666665	222.02982202982204	572.029822029822	TRUE	1	TRUE	FALSE	FALSE	FALSE	FALSE	TRUE	0.27	transfer_volume_fail
receiver	D	7	0.06109999999999999	TRUE	TRUE	0.14814814814814814	727.4049827241317	FALSE	0.48116249999999994	350	605.0331272084806	TRUE	1	TRUE	FALSE	FALSE	FALSE	FALSE	TRUE	0.48	transfer_volume_fail
receiver	D	8	0.0784	TRUE	TRUE	0.14814814814814814	566.8934240362812	FALSE	0.6174	350	516.9250180245133	TRUE	1	TRUE	FALSE	FALSE	FALSE	FALSE	TRUE	0.62	transfer_volume_fail
receiver	D	9	0.0915	TRUE	TRUE	0.14814814814814814	485.7316332726169	FALSE	0.7205625	350	456.13155439905734	TRUE	1	TRUE	FALSE	FALSE	FALSE	FALSE	TRUE	0.72	transfer_volume_fail
receiver	D	10	0.0973	TRUE	TRUE	0.14814814814814814	456.77743519470135	FALSE	0.7662375	350	407.5138235588471	TRUE	1	TRUE	FALSE	FALSE	FALSE	FALSE	TRUE	0.77	transfer_volume_fail
receiver	D	11	0.8609	TRUE	TRUE	0.5	174.2362643744918	TRUE	1	174.2362643744918	174.2362643744918	TRUE	1	TRUE	FALSE	FALSE	FALSE	FALSE	FALSE	1	correct
receiver	D	12	0.8595999999999999	TRUE	TRUE	0.5	174.49976733364358	TRUE	1	174.49976733364358	174.49976733364358	TRUE	1	TRUE	FALSE	FALSE	FALSE	FALSE	FALSE	1	correct
receiver	E	1	0.7497999999999999	TRUE	TRUE	0.09876543209876544	39.51671062900725	FALSE	0.3180333333333333	12.567631203711937	362.5676312037119	TRUE	1	TRUE	FALSE	FALSE	FALSE	FALSE	TRUE	0.32	transfer_volume_fail
receiver	E	2	0.6694	TRUE	TRUE	0.09876543209876544	44.26296628268544	FALSE	0.5553333333333332	24.580700608984642	374.58070060898467	TRUE	1	TRUE	FALSE	FALSE	FALSE	FALSE	TRUE	0.56	transfer_volume_fail
receiver	E	3	0.7411	TRUE	TRUE	0.09876543209876544	39.98060940443885	TRUE	1	39.98060940443885	345.85336633755463	TRUE	1	TRUE	FALSE	FALSE	FALSE	FALSE	FALSE	1	correct
receiver	E	4	0.7259	TRUE	TRUE	0.09876543209876544	40.817784308623274	TRUE	1	40.817784308623274	168.8041324314902	TRUE	1	TRUE	FALSE	FALSE	FALSE	FALSE	FALSE	1	correct
receiver	E	5	0.7949999999999999	TRUE	TRUE	0.09876543209876544	37.26997437689263	TRUE	1	37.26997437689263	96.75601498602968	TRUE	1	TRUE	FALSE	FALSE	FALSE	FALSE	FALSE	1	correct
receiver	E	6	0.05229999999999999	TRUE	TRUE	0.09876543209876544	566.5321152892856	FALSE	0.3168666666666667	179.51514293133164	529.5151429313316	TRUE	1	TRUE	FALSE	FALSE	FALSE	FALSE	TRUE	0.32	transfer_volume_fail
receiver	E	7	0.06059999999999999	TRUE	TRUE	0.09876543209876544	488.9377826671558	FALSE	0.7093333333333334	346.8198671719025	696.8198671719025	TRUE	1	TRUE	FALSE	FALSE	FALSE	FALSE	TRUE	0.71	transfer_volume_fail
receiver	E	8	0.08199999999999999	TRUE	TRUE	0.09876543209876544	361.33694670280045	FALSE	0.9686249999999997	350	600.6793478260869	TRUE	1	TRUE	FALSE	FALSE	FALSE	FALSE	TRUE	0.97	transfer_volume_fail
receiver	E	9	0.0809	TRUE	TRUE	0.09876543209876544	366.25005722657147	FALSE	0.9556312499999999	350	471.56096294097694	TRUE	1	TRUE	FALSE	FALSE	FALSE	FALSE	TRUE	0.96	transfer_volume_fail
receiver	E	10	0.0928	TRUE	TRUE	0.09876543209876544	319.2848020434228	TRUE	1	319.2848020434228	387.3675907144468	TRUE	1	TRUE	FALSE	FALSE	FALSE	FALSE	FALSE	1	correct
receiver	E	11	0.814	TRUE	TRUE	0	0	TRUE	1	0	0	TRUE	1	TRUE	FALSE	FALSE	FALSE	FALSE	FALSE	1	correct
receiver	E	12	0.7743	TRUE	TRUE	0	0	TRUE	1	0	0	TRUE	1	TRUE	FALSE	FALSE	FALSE	FALSE	FALSE	1	correct
receiver	F	1	0.6062	TRUE	TRUE	0.06584362139917695	32.58509802004798	FALSE	0.33646666666666664	10.963799313812142	360.96379931381216	TRUE	1	TRUE	FALSE	FALSE	FALSE	FALSE	TRUE	0.34	transfer_volume_fail
receiver	F	2	0.719	TRUE	TRUE	0.06584362139917695	27.472999192980648	FALSE	0.7191333333333333	19.75674948631215	369.7567494863122	TRUE	1	TRUE	FALSE	FALSE	FALSE	FALSE	TRUE	0.72	transfer_volume_fail
receiver	F	3	0.758	TRUE	TRUE	0.06584362139917695	26.05948076484576	TRUE	1	26.05948076484576	310.1503898557549	TRUE	1	TRUE	FALSE	FALSE	FALSE	FALSE	FALSE	1	correct
receiver	F	4	0.83	TRUE	TRUE	0.06584362139917695	23.798899300907333	TRUE	1	23.798899300907333	165.84435384636188	TRUE	1	TRUE	FALSE	FALSE	FALSE	FALSE	FALSE	1	correct
receiver	F	5	0.7653	TRUE	TRUE	0.06584362139917695	25.81090607572597	TRUE	1	25.81090607572597	81.48192745339819	TRUE	1	TRUE	FALSE	FALSE	FALSE	FALSE	FALSE	1	correct
receiver	F	6	0.0771	TRUE	TRUE	0.06584362139917695	256.20086147539666	FALSE	0.2942333333333333	75.38283347477753	425.3828334747775	TRUE	1	TRUE	FALSE	FALSE	FALSE	FALSE	TRUE	0.29	transfer_volume_fail
receiver	F	7	0.0965	TRUE	TRUE	0.06584362139917695	204.69519605961747	FALSE	0.7765333333333333	158.95264291349494	508.95264291349497	TRUE	1	TRUE	FALSE	FALSE	FALSE	FALSE	TRUE	0.78	transfer_volume_fail
receiver	F	8	0.0885	TRUE	TRUE	0.06584362139917695	223.1987166073795	TRUE	1	223.1987166073795	479.5213413510569	TRUE	1	TRUE	FALSE	FALSE	FALSE	FALSE	FALSE	1	correct
receiver	F	9	0.0789	TRUE	TRUE	0.06584362139917695	250.3559749018135	TRUE	1	250.3559749018135	363.58061258297295	TRUE	1	TRUE	FALSE	FALSE	FALSE	FALSE	FALSE	1	correct
receiver	F	10	0.0969	TRUE	TRUE	0.06584362139917695	203.85022105008343	TRUE	1	203.85022105008343	259.5212424277556	TRUE	1	TRUE	FALSE	FALSE	FALSE	FALSE	FALSE	1	correct
receiver	F	11	0.9152	TRUE	TRUE	0	0	TRUE	1	0	0	TRUE	1	TRUE	FALSE	FALSE	FALSE	FALSE	FALSE	1	correct
receiver	F	12	1.01	TRUE	TRUE	0	0	TRUE	1	0	0	TRUE	1	TRUE	FALSE	FALSE	FALSE	FALSE	FALSE	1	correct
receiver	G	1	0.8333999999999999	TRUE	TRUE	0.0438957475994513	15.801205039399317	FALSE	0.35046666666666665	5.5377956594748134	355.5377956594748	TRUE	1	FALSE	FALSE	TRUE	FALSE	FALSE	TRUE	0.35	mimimum_transfer_volume_fail
receiver	G	2	0.8989999999999999	TRUE	TRUE	0.0438957475994513	14.648191634967064	FALSE	0.7769999999999999	11.381644900369407	361.3816449003694	TRUE	1	TRUE	FALSE	FALSE	FALSE	FALSE	TRUE	0.78	transfer_volume_fail
receiver	G	3	0.6417999999999999	TRUE	TRUE	0.0438957475994513	20.518423620809273	TRUE	1	20.518423620809273	291.47218084624285	TRUE	1	TRUE	FALSE	FALSE	FALSE	FALSE	FALSE	1	correct
receiver	G	4	0.9114	TRUE	TRUE	0.0438957475994513	14.448896510681797	TRUE	1	14.448896510681797	139.61578569626258	TRUE	1	TRUE	FALSE	FALSE	FALSE	FALSE	FALSE	1	correct
receiver	G	5	0.8688	TRUE	TRUE	0.0438957475994513	15.15737140865031	TRUE	1	15.15737140865031	72.60222434982678	TRUE	1	TRUE	FALSE	FALSE	FALSE	FALSE	FALSE	1	correct
receiver	G	6	0.0801	TRUE	TRUE	0.0438957475994513	164.40354906161534	FALSE	0.33133333333333326	54.4723759224152	404.4723759224152	TRUE	1	TRUE	FALSE	FALSE	FALSE	FALSE	TRUE	0.33	transfer_volume_fail
receiver	G	7	0.08959999999999999	TRUE	TRUE	0.0438957475994513	146.97236919459144	FALSE	0.7728	113.58024691358027	463.58024691358025	TRUE	1	TRUE	FALSE	FALSE	FALSE	FALSE	TRUE	0.77	transfer_volume_fail
receiver	G	8	0.15059999999999998	TRUE	TRUE	0.0438957475994513	87.44172828575957	TRUE	1	87.44172828575957	306.355913924989	TRUE	1	TRUE	FALSE	FALSE	FALSE	FALSE	FALSE	1	correct
receiver	G	9	0.0827	TRUE	TRUE	0.0438957475994513	159.23487641880763	TRUE	1	159.23487641880763	268.88399922582516	TRUE	1	TRUE	FALSE	FALSE	FALSE	FALSE	FALSE	1	correct
receiver	G	10	0.0887	TRUE	TRUE	0.0438957475994513	148.4636333690574	TRUE	1	148.4636333690574	202.87454457045033	TRUE	1	TRUE	FALSE	FALSE	FALSE	FALSE	FALSE	1	correct
receiver	G	11	0.9906	TRUE	TRUE	0	0	TRUE	1	0	0	TRUE	1	TRUE	FALSE	FALSE	FALSE	FALSE	FALSE	1	correct
receiver	G	12	1.0385	TRUE	TRUE	0	0	TRUE	1	0	0	TRUE	1	TRUE	FALSE	FALSE	FALSE	FALSE	FALSE	1	correct
receiver	H	1	1.0057	TRUE	TRUE	0.02926383173296753	8.729391985572496	FALSE	0.3131333333333334	2.733463610415601	352.7334636104156	TRUE	1	FALSE	FALSE	TRUE	FALSE	FALSE	TRUE	0.31	mimimum_transfer_volume_fail
receiver	H	2	0.9653	TRUE	TRUE	0.02926383173296753	9.094736889972298	FALSE	0.5917333333333333	5.381658975692941	355.3816589756929	TRUE	1	FALSE	FALSE	TRUE	FALSE	FALSE	TRUE	0.59	mimimum_transfer_volume_fail
receiver	H	3	0.2236	TRUE	TRUE	0.02926383173296753	39.26274382777397	TRUE	1	39.26274382777397	337.5920994363659	TRUE	1	TRUE	FALSE	FALSE	FALSE	FALSE	FALSE	1	correct
receiver	H	4	1.1242	TRUE	TRUE	0.02926383173296753	7.809241700667371	TRUE	1	7.809241700667371	144.17287806430375	TRUE	1	FALSE	FALSE	TRUE	FALSE	FALSE	FALSE	1	mimimum_transfer_volume_fail
receiver	H	5	1.1207	TRUE	TRUE	0.02926383173296753	7.833630338083572	TRUE	1	7.833630338083572	71.52248903373574	TRUE	1	FALSE	FALSE	TRUE	FALSE	FALSE	FALSE	1	mimimum_transfer_volume_fail
receiver	H	6	0.1227	TRUE	TRUE	0.02926383173296753	71.54971083855142	FALSE	0.33599999999999997	24.040702841753273	374.0407028417533	TRUE	1	TRUE	FALSE	FALSE	FALSE	FALSE	TRUE	0.34	transfer_volume_fail
receiver	H	7	0.0827	TRUE	TRUE	0.02926383173296753	106.15658427920508	FALSE	0.6482	68.81069792978073	418.81069792978076	TRUE	1	TRUE	FALSE	FALSE	FALSE	FALSE	TRUE	0.65	transfer_volume_fail
receiver	H	8	0.1419	TRUE	TRUE	0.02926383173296753	61.86856603164383	TRUE	1	61.86856603164383	362.1087581853668	TRUE	1	TRUE	FALSE	FALSE	FALSE	FALSE	FALSE	1	correct
receiver	H	9	0.0794	TRUE	TRUE	0.02926383173296753	110.56863375176648	TRUE	1	110.56863375176648	264.13128731442004	TRUE	1	TRUE	FALSE	FALSE	FALSE	FALSE	FALSE	1	correct
receiver	H	10	0.11079999999999998	TRUE	TRUE	0.02926383173296753	79.2342014430529	TRUE	1	79.2342014430529	160.96916221027175	TRUE	1	TRUE	FALSE	FALSE	FALSE	FALSE	FALSE	1	correct
receiver	H	11	1.2171	TRUE	TRUE	0	0	TRUE	1	0	0	TRUE	1	TRUE	FALSE	FALSE	FALSE	FALSE	FALSE	1	correct
receiver	H	12	1.2374	TRUE	TRUE	0	0	TRUE	1	0	0	TRUE	1	TRUE	FALSE	FALSE	FALSE	FALSE	FALSE	1	correct
